Cluster,customers,avg_recency,avg_frequency,avg_monetary,avg_rating
0,41,21.951219512195124,18.365853658536587,5336.487804878048,3.155343837994373
1,125,25.424,15.976,1697.248,2.9374759690428474
